video,vidFrame,totalFramesOnDetection,class,score,ymin,xmin,ymax,xmax
AI1 Potholes 001.MP4,1.0,1.0,pothole,0.61569446,0.9255341,0.477415,1.0,0.6417538
AI1 Potholes 001.MP4,49.0,49.0,pothole,0.5276027,0.90942985,0.45810103,0.99600893,0.6401144
AI1 Potholes 001.MP4,61.0,61.0,pothole,0.5101488,0.90982914,0.4601321,0.99631286,0.63994426
AI1 Potholes 001.MP4,253.0,253.0,pothole,0.5871869,0.9308826,0.5249287,1.0,0.7102585
AI1 Potholes 001.MP4,265.0,265.0,pothole,0.6418698,0.92809296,0.5186571,1.0,0.6979892
AI1 Potholes 001.MP4,277.0,277.0,pothole,0.57988304,0.9216236,0.5137634,1.0,0.7006829
AI1 Potholes 001.MP4,289.0,289.0,pothole,0.66847944,0.92624724,0.5158955,1.0,0.69722307
AI1 Potholes 001.MP4,325.0,325.0,pothole,0.5460709,0.9212581,0.49228388,0.9982821,0.68466824
AI1 Potholes 001.MP4,529.0,529.0,pothole,0.5014668,0.9298331,0.5479109,1.0,0.72914624
AI1 Potholes 001.MP4,541.0,541.0,pothole,0.59117645,0.9281845,0.5510126,1.0,0.7399722
AI1 Potholes 001.MP4,601.0,601.0,pothole,0.5200792,0.4482467,0.8688737,0.7183597,0.99765384
AI1 Potholes 001.MP4,721.0,721.0,pothole,0.67343026,0.30358508,0.0,0.37408373,0.15812668
AI1 Potholes 001.MP4,985.0,985.0,pothole,0.6176552,0.85573214,0.46962115,1.0,0.75194216
AI1 Potholes 001.MP4,1573.0,1573.0,pothole,0.5233681,0.2704221,0.3084819,0.38455963,0.46894118
AI1 Potholes 001.MP4,1621.0,1621.0,pothole,0.58642966,0.37684998,0.0,0.57184196,0.6731365
AI1 Potholes 001.MP4,1729.0,1729.0,pothole,0.59579194,0.44262683,0.028836459,0.63391924,0.6894163
AI1 Potholes 001.MP4,1765.0,1765.0,pothole,0.5654804,0.0,0.31551263,0.53829145,1.0
AI1 Potholes 001.MP4,1861.0,1861.0,pothole,0.56065834,0.38288942,0.25017378,1.0,0.9775491
AI1 Potholes 001.MP4,2221.0,2221.0,pothole,0.5733947,0.37501353,0.6331008,0.5241792,0.83859855
AI1 Potholes 001.MP4,2353.0,2353.0,pothole,0.6468461,0.18736492,0.16771695,0.2206531,0.2366721
AI1 Potholes 001.MP4,2377.0,2377.0,pothole,0.5755272,0.15720302,0.5467988,0.22920024,0.7790288
AI1 Potholes 001.MP4,3061.0,3061.0,pothole,0.6181399,0.7855181,0.6652914,0.9851889,0.88804364
AI1 Potholes 001.MP4,3073.0,3073.0,pothole,0.6680271,0.7820794,0.6351716,0.9930524,0.8978359
AI1 Potholes 001.MP4,3073.0,3073.0,pothole,0.6217209,0.14071214,0.0,0.9509028,0.9191357
AI1 Potholes 001.MP4,3085.0,3085.0,pothole,0.54942507,0.7816328,0.6003491,0.9997828,0.8991359
AI1 Potholes 001.MP4,3097.0,3097.0,pothole,0.6689739,0.7820989,0.5965644,0.9985852,0.8956808
AI1 Potholes 001.MP4,3121.0,3121.0,pothole,0.50041586,0.7727593,0.62217367,0.9904487,0.86171186
AI1 Potholes 001.MP4,3133.0,3133.0,pothole,0.7401637,0.76970476,0.6024258,0.99687606,0.86893106
AI1 Potholes 001.MP4,3265.0,3265.0,pothole,0.53187007,0.014404841,0.0,0.15106457,0.29237413
AI1 Potholes 001.MP4,3349.0,3349.0,pothole,0.5241484,0.6443408,0.48968574,0.99369985,0.87543166
AI1 Potholes 001.MP4,3397.0,3397.0,pothole,0.5297658,0.6179318,0.52546686,0.98910505,0.8890843
AI1 Potholes 001.MP4,3409.0,3409.0,pothole,0.5302936,0.63874954,0.5222446,0.985956,0.88920355
AI1 Potholes 001.MP4,3949.0,3949.0,pothole,0.52408916,0.6610342,0.5658765,0.99599063,0.8490937
AI1 Potholes 002.MP4,13.0,3994.0,pothole,0.6005812,0.49422273,0.14847565,0.64328253,0.36631072
AI1 Potholes 002.MP4,121.0,4102.0,pothole,0.5188241,0.020575613,0.79587865,0.27182603,1.0
AI1 Potholes 002.MP4,133.0,4114.0,pothole,0.5995654,0.024756663,0.77001834,0.2656503,1.0
AI1 Potholes 002.MP4,205.0,4186.0,pothole,0.58725184,0.08708641,0.7512659,0.31698057,0.98661757
AI1 Potholes 002.MP4,229.0,4210.0,pothole,0.575446,0.10722301,0.7860056,0.31459275,1.0
AI1 Potholes 002.MP4,241.0,4222.0,pothole,0.557363,0.095150925,0.79231215,0.32065892,1.0
AI1 Potholes 002.MP4,253.0,4234.0,pothole,0.532399,0.09677321,0.80493474,0.3482289,1.0
AI1 Potholes 002.MP4,289.0,4270.0,pothole,0.5558147,0.18385366,0.5537183,0.26347634,0.7778014
AI1 Potholes 002.MP4,421.0,4402.0,pothole,0.565087,0.84773684,0.71493816,0.99865174,0.9827342
AI1 Potholes 002.MP4,433.0,4414.0,pothole,0.5321633,0.84204084,0.71703804,0.99785715,0.987079
AI1 Potholes 002.MP4,481.0,4462.0,pothole,0.5984514,0.27790758,0.019253999,0.60176253,0.66593313
AI1 Potholes 002.MP4,505.0,4486.0,pothole,0.6403206,0.84854585,0.7302619,0.99883014,1.0
AI1 Potholes 002.MP4,541.0,4522.0,pothole,0.5414472,0.85145825,0.748325,0.9987568,1.0
AI1 Potholes 002.MP4,673.0,4654.0,pothole,0.58098984,0.121758215,0.05756694,0.18847355,0.1949769
AI1 Potholes 002.MP4,745.0,4726.0,pothole,0.5433591,0.8582327,0.7340068,1.0,1.0
AI1 Potholes 002.MP4,757.0,4738.0,pothole,0.5010365,0.85092074,0.71836984,0.99922854,1.0
AI1 Potholes 002.MP4,817.0,4798.0,pothole,0.57843393,0.86609566,0.7031995,1.0,1.0
AI1 Potholes 002.MP4,829.0,4810.0,pothole,0.52308726,0.8587835,0.7257479,0.9984441,1.0
AI1 Potholes 002.MP4,901.0,4882.0,pothole,0.52698374,0.86350745,0.74027467,1.0,1.0
AI1 Potholes 002.MP4,913.0,4894.0,pothole,0.5668687,0.8623137,0.72098625,1.0,1.0
AI1 Potholes 002.MP4,937.0,4918.0,pothole,0.6731722,0.8503594,0.72859263,0.9996571,1.0
AI1 Potholes 002.MP4,949.0,4930.0,pothole,0.6339906,0.8494548,0.7041047,0.9998074,1.0
AI1 Potholes 002.MP4,973.0,4954.0,pothole,0.5878198,0.85443074,0.6675489,1.0,0.9834726
AI1 Potholes 002.MP4,997.0,4978.0,pothole,0.58886683,0.8507017,0.7177344,0.9990549,1.0
AI1 Potholes 002.MP4,1045.0,5026.0,pothole,0.61837167,0.8419916,0.6608094,0.9990893,0.9679762
AI1 Potholes 002.MP4,1069.0,5050.0,pothole,0.5170794,0.8428844,0.6619856,0.999611,0.9790552
AI1 Potholes 002.MP4,1105.0,5086.0,pothole,0.6827528,0.85611135,0.69235384,1.0,1.0
AI1 Potholes 003.MP4,217.0,5421.0,pothole,0.5048478,0.6351363,0.6171428,0.9980672,0.9592849
AI1 Potholes 003.MP4,253.0,5457.0,pothole,0.5220694,0.0014108196,0.0,0.16913828,0.40657413
AI1 Potholes 003.MP4,301.0,5505.0,pothole,0.5649096,0.6019981,0.045467526,0.936587,0.3838832
AI1 Potholes 003.MP4,337.0,5541.0,pothole,0.5182327,0.6383881,0.63317657,0.99322563,0.9618367
AI1 Potholes 003.MP4,349.0,5553.0,pothole,0.5876818,0.6403285,0.64589465,0.9923798,0.9738213
AI1 Potholes 003.MP4,469.0,5673.0,pothole,0.62684315,0.23046419,0.41553855,0.4584035,0.70952594
AI1 Potholes 003.MP4,589.0,5793.0,pothole,0.8773203,0.5105016,0.21345897,0.8012539,0.55331427
AI1 Potholes 003.MP4,613.0,5817.0,pothole,0.56129956,0.7300038,0.6425318,0.9914977,0.9892451
AI1 Potholes 003.MP4,865.0,6069.0,pothole,0.6095716,0.22661215,0.042125523,0.4195922,0.64606136
AI1 Potholes 003.MP4,1021.0,6225.0,pothole,0.5193094,0.7390275,0.69957066,0.9942801,0.9659103
AI1 Potholes 003.MP4,1093.0,6297.0,pothole,0.50056446,0.8083671,0.6963484,0.99446505,0.94450104
AI1 Potholes 003.MP4,1177.0,6381.0,pothole,0.5806413,0.8497511,0.70926833,0.99989665,0.95860255
AI1 Potholes 003.MP4,1189.0,6393.0,pothole,0.5064513,0.852801,0.687444,1.0,0.9575553
AI1 Potholes 003.MP4,1213.0,6417.0,pothole,0.5713256,0.8592209,0.72380006,1.0,0.96840847
AI1 Potholes 003.MP4,1225.0,6429.0,pothole,0.50628424,0.88204736,0.7694403,1.0,1.0
AI1 Potholes 003.MP4,1237.0,6441.0,pothole,0.5931787,0.9258093,0.8188838,1.0,1.0
AI1 Potholes 003.MP4,1261.0,6465.0,pothole,0.51727736,0.72222036,0.35610324,0.82855886,0.4960633
AI1 Potholes 003.MP4,1273.0,6477.0,pothole,0.5259652,0.30566365,0.4383584,0.36826766,0.52827084
AI1 Potholes 003.MP4,1441.0,6645.0,pothole,0.55129457,0.93480825,0.81501013,1.0,1.0
AI1 Potholes 003.MP4,1453.0,6657.0,pothole,0.5082971,0.9047752,0.7736095,1.0,1.0
AI1 Potholes 003.MP4,1753.0,6957.0,pothole,0.66074145,0.5526971,0.0,0.8229086,0.73909914
AI1 Potholes 003.MP4,2305.0,7509.0,pothole,0.54998314,0.31186223,0.79320496,0.46757704,1.0
AI1 Potholes 003.MP4,2845.0,8049.0,pothole,0.6242464,0.16115615,0.86229783,0.39627287,1.0
AI1 Potholes 003.MP4,2857.0,8061.0,pothole,0.6257695,0.09346969,0.8609987,0.3386983,1.0
AI1 Potholes 003.MP4,2869.0,8073.0,pothole,0.5818215,0.12629165,0.8758638,0.37839562,1.0
AI1 Potholes 003.MP4,3181.0,8385.0,pothole,0.5722342,0.0,0.0,0.57783055,0.7030221
AI1 Potholes 003.MP4,3265.0,8469.0,pothole,0.50365573,0.5003506,0.020033002,0.95831764,0.6279824
AI1 Potholes 004.MP4,265.0,9800.0,pothole,0.65119356,0.11008826,0.7021582,0.16338262,0.8041091
AI1 Potholes 004.MP4,361.0,9896.0,pothole,0.58051956,0.048512705,0.5776186,0.0986528,0.6666783
AI1 Potholes 004.MP4,469.0,10004.0,pothole,0.82710415,0.092116475,0.23500219,0.76360506,0.85042846
AI1 Potholes 004.MP4,553.0,10088.0,pothole,0.65739954,0.054275542,0.5689046,0.25601655,1.0
AI1 Potholes 004.MP4,565.0,10100.0,pothole,0.5629875,0.29425028,0.4818303,0.39914516,0.5968446
AI1 Potholes 004.MP4,589.0,10124.0,pothole,0.6566009,0.29453242,0.45644057,0.37224233,0.62281525
AI1 Potholes 004.MP4,829.0,10364.0,pothole,0.5745916,0.21736532,0.41976893,0.3079549,0.54815876
AI1 Potholes 005.MP4,18.0,10627.0,pothole,0.542183,0.019820834,0.6934715,0.055742137,0.7854859
AI1 Potholes 005.MP4,18.0,10627.0,pothole,0.542183,0.019820834,0.6934715,0.055742137,0.7854859
AI1 Potholes 005.MP4,49.0,10658.0,pothole,0.5722972,0.06646776,0.68538904,0.13979818,0.8034346
AI1 Potholes 005.MP4,61.0,10670.0,pothole,0.7085989,0.12850301,0.6996708,0.21201704,0.8515465
AI1 Potholes 005.MP4,61.0,10670.0,pothole,0.60938644,0.046914063,0.5939434,0.10107199,0.6887732
AI1 Potholes 005.MP4,73.0,10682.0,pothole,0.6991355,0.09141759,0.6229489,0.1704933,0.7388476
AI1 Potholes 005.MP4,85.0,10694.0,pothole,0.6999265,0.18711963,0.5707936,0.2980158,0.72087836
AI1 Potholes 005.MP4,85.0,10694.0,pothole,0.59886765,0.4763683,0.6040821,0.993989,0.9536059
AI1 Potholes 005.MP4,97.0,10706.0,pothole,0.65103185,0.3786862,0.45721233,0.5806622,0.67368877
AI1 Potholes 006.MP4,217.0,11979.0,pothole,0.6292309,0.26825872,0.0,0.98499215,0.992262
AI1 Potholes 006.MP4,229.0,11991.0,pothole,0.5115026,0.36342713,0.07843521,0.99907565,0.9254749
AI1 Potholes 006.MP4,241.0,12003.0,pothole,0.5309545,0.12909558,0.06351176,0.90283895,1.0
AI1 Potholes 006.MP4,433.0,12195.0,pothole,0.539692,0.23909701,0.6264034,0.30450934,0.70078486
AI1 Potholes 006.MP4,517.0,12279.0,pothole,0.6051839,0.107870825,0.42085868,0.17589128,0.58543235
AI1 Potholes 006.MP4,529.0,12291.0,pothole,0.58168536,0.274773,0.5169799,0.3927157,0.72581774
AI1 Potholes 007.MP4,181.0,12525.0,pothole,0.5426312,0.41683704,0.54833937,1.0,0.97775626
AI1 Potholes 007.MP4,541.0,12885.0,pothole,0.58680344,0.34330162,0.013828754,0.4493045,0.15073931
AI1 Potholes 007.MP4,541.0,12885.0,pothole,0.5856484,0.5763645,0.69509435,0.96731305,0.9472575
AI1 Potholes 007.MP4,589.0,12933.0,pothole,0.55201393,0.66586715,0.6993122,1.0,1.0
AI1 Potholes 007.MP4,685.0,13029.0,pothole,0.6074675,0.036921337,0.67131126,0.1945869,0.91264904
AI1 Potholes 007.MP4,697.0,13041.0,pothole,0.50238085,0.07751491,0.0,0.2887772,0.31287616
AI1 Potholes 007.MP4,769.0,13113.0,pothole,0.56690866,0.07592235,0.5237587,0.22753584,0.84855527
AI1 Potholes 007.MP4,949.0,13293.0,pothole,0.5119341,0.6693908,0.74012434,0.99181557,1.0
AI1 Potholes 007.MP4,961.0,13305.0,pothole,0.5144724,0.67839605,0.77410847,0.9873238,0.99813205
AI1 Potholes 007.MP4,1069.0,13413.0,pothole,0.80564433,0.39024264,0.0,0.993254,0.98289376
AI1 Potholes 007.MP4,1129.0,13473.0,pothole,0.54510176,0.5674343,0.7187445,0.93838096,1.0
AI1 Potholes 007.MP4,1141.0,13485.0,pothole,0.61814815,0.57140625,0.7201272,0.96166456,1.0
AI1 Potholes 008.MP4,61.0,13825.0,pothole,0.5854474,0.0,0.0,1.0,0.93667567
AI1 Potholes 008.MP4,121.0,13885.0,pothole,0.52295536,0.18151236,0.32838047,0.24110419,0.4878313
AI1 Potholes 008.MP4,361.0,14125.0,pothole,0.6142504,0.1023797,0.80562425,0.18215653,0.9384724
AI1 Potholes 008.MP4,517.0,14281.0,pothole,0.5248346,0.5718267,0.7439656,0.93677247,0.99159634
AI1 Potholes 008.MP4,781.0,14545.0,pothole,0.7193975,0.52649903,0.7429824,0.8671913,0.9958563
AI1 Potholes 008.MP4,889.0,14653.0,pothole,0.7366196,0.066971004,0.47105664,0.19583815,0.8130612
AI1 Potholes 009.MP4,265.0,14999.0,pothole,0.6440853,0.5295097,0.52272755,0.7868325,0.7617242
AI1 Potholes 009.MP4,433.0,15167.0,pothole,0.52668476,0.77395403,0.72482705,0.98388326,0.8715677
AI1 Potholes 009.MP4,589.0,15323.0,pothole,0.7267359,0.26924986,0.43696538,1.0,0.9465332
AI1 Potholes 009.MP4,637.0,15371.0,pothole,0.5090707,0.7459064,0.70213664,0.9919302,1.0
AI1 Potholes 009.MP4,853.0,15587.0,pothole,0.60029167,0.45502687,0.48062366,0.6260121,0.75307065
AI1 Potholes 009.MP4,1117.0,15851.0,pothole,0.6337532,0.27894825,0.5682875,0.46271217,0.8807101
AI1 Potholes 009.MP4,1177.0,15911.0,pothole,0.5839276,0.27023423,0.0,0.40898502,0.19103983
AI1 Potholes 009.MP4,1453.0,16187.0,pothole,0.51594996,0.083550446,0.8659884,0.31102735,0.99883735
AI1 Potholes 009.MP4,2293.0,17027.0,pothole,0.60181415,0.16674384,0.43908757,0.26790956,0.6268211
AI1 Potholes 009.MP4,2953.0,17687.0,pothole,0.53807634,0.0246482,0.0,0.108117834,0.16825521
AI1 Potholes 010.MP4,565.0,18281.0,pothole,0.8618263,0.30774385,0.4189735,0.5360554,0.71850055
AI1 Potholes 010.MP4,613.0,18329.0,pothole,0.5157835,0.5786526,0.6254115,0.97438574,0.88484
AI1 Potholes 010.MP4,697.0,18413.0,pothole,0.51638937,0.104534164,0.7415669,0.17932396,0.89839125
AI1 Potholes 010.MP4,1021.0,18737.0,pothole,0.5023734,0.6298803,0.69116753,0.992646,1.0
AI1 Potholes 010.MP4,2149.0,19865.0,pothole,0.5128771,0.0,0.28506047,0.3014025,0.53890646
AI1 Potholes 010.MP4,2497.0,20213.0,pothole,0.50734,0.031242574,0.5435486,0.09332974,0.6340215
AI1 Potholes 010.MP4,2845.0,20561.0,pothole,0.57095563,0.06927805,0.40209574,0.12022096,0.49604946
AI1 Potholes 010.MP4,2953.0,20669.0,pothole,0.63746893,0.006895747,0.72982216,0.09022376,0.94970596
AI1 Potholes 011.MP4,301.0,21405.0,pothole,0.6073958,0.25906086,0.59300804,0.3602751,0.74074244
AI1 Potholes 011.MP4,385.0,21489.0,pothole,0.5200507,0.64843345,0.6777457,0.9962714,1.0
AI1 Potholes 011.MP4,457.0,21561.0,pothole,0.5337969,0.13264707,0.73295593,0.19835585,0.85170877
AI1 Potholes 011.MP4,589.0,21693.0,pothole,0.5777806,0.18717097,0.30076608,0.2817611,0.440958
AI1 Potholes 011.MP4,589.0,21693.0,pothole,0.50783855,0.38581505,0.55734855,0.4683905,0.64476794
AI1 Potholes 011.MP4,613.0,21717.0,pothole,0.5030765,0.6201782,0.7016264,0.70133054,0.7870501
AI1 Potholes 011.MP4,625.0,21729.0,pothole,0.5232742,0.4826592,0.4802305,0.72968674,0.7585291
AI1 Potholes 011.MP4,625.0,21729.0,pothole,0.52060527,0.46884137,0.5121234,0.99133617,0.9762116
AI1 Potholes 011.MP4,721.0,21825.0,pothole,0.5296816,0.61323786,0.65304226,0.98969877,0.99713916
AI1 Potholes 011.MP4,733.0,21837.0,pothole,0.67349464,0.18392555,0.7819266,0.29137665,0.97347623
AI1 Potholes 011.MP4,805.0,21909.0,pothole,0.56918454,0.30843493,0.4716354,0.45887622,0.64413255
AI1 Potholes 011.MP4,1021.0,22125.0,pothole,0.54310125,0.5423413,0.64641327,0.9915615,0.98111683
AI1 Potholes 011.MP4,1033.0,22137.0,pothole,0.5007695,0.5614334,0.6421901,0.9888181,0.9839318
AI1 Potholes 011.MP4,1069.0,22173.0,pothole,0.6134049,0.6086239,0.71074706,0.68664604,0.80985516
AI1 Potholes 011.MP4,1093.0,22197.0,pothole,0.5227446,0.6077328,0.70962274,0.6892934,0.80323756
AI1 Potholes 011.MP4,1165.0,22269.0,pothole,0.50932795,0.5795185,0.7015807,0.65899616,0.78904456
AI1 Potholes 011.MP4,1177.0,22281.0,pothole,0.5108908,0.57504034,0.695076,0.6494527,0.7883991
AI1 Potholes 012.MP4,1009.0,23304.0,pothole,0.50608206,0.68386936,0.7101213,0.7595215,0.8025577
AI1 Potholes 012.MP4,1249.0,23544.0,pothole,0.5686863,0.0,0.0093126,0.72025,0.5138141
AI1 Potholes 012.MP4,1285.0,23580.0,pothole,0.57319766,0.6136069,0.7065273,0.99290156,1.0
AI1 Potholes 012.MP4,1621.0,23916.0,pothole,0.62195635,0.3106817,0.040882066,0.39600152,0.16792955
AI1 Potholes 012.MP4,1801.0,24096.0,pothole,0.63764995,0.7360602,0.72616667,0.99409074,0.9996242
AI1 Potholes 013.MP4,85.0,24432.0,pothole,0.5440033,0.573033,0.70847607,0.9762194,0.9230604
AI1 Potholes 014.MP4,85.0,25002.0,pothole,0.52539134,0.6340939,0.72352576,0.97923875,1.0
AI1 Potholes 014.MP4,361.0,25278.0,pothole,0.54671466,0.07893945,0.84252834,0.2901621,1.0
AI1 Potholes 014.MP4,421.0,25338.0,pothole,0.50480783,0.0737664,0.8314329,0.27768776,1.0
AI1 Potholes 014.MP4,457.0,25374.0,pothole,0.51945114,0.09106383,0.83809954,0.29371196,1.0
AI1 Potholes 014.MP4,493.0,25410.0,pothole,0.5846449,0.077418804,0.8303231,0.285363,0.9973259
AI1 Potholes 014.MP4,505.0,25422.0,pothole,0.5983467,0.07989048,0.82640404,0.2938301,1.0
AI1 Potholes 014.MP4,517.0,25434.0,pothole,0.5750349,0.08590885,0.83641934,0.28650194,1.0
AI1 Potholes 014.MP4,529.0,25446.0,pothole,0.64046913,0.07714727,0.82946616,0.28244197,1.0
AI1 Potholes 014.MP4,541.0,25458.0,pothole,0.5450226,0.095125206,0.82394445,0.29859102,0.9937339
AI1 Potholes 014.MP4,553.0,25470.0,pothole,0.5648884,0.09042029,0.81905097,0.29455835,0.9868651
AI1 Potholes 014.MP4,565.0,25482.0,pothole,0.54045385,0.09468812,0.8183538,0.29473847,0.9866799
AI1 Potholes 014.MP4,577.0,25494.0,pothole,0.52421814,0.08539439,0.8148767,0.29687342,0.9876337
AI1 Potholes 014.MP4,589.0,25506.0,pothole,0.5661981,0.085799284,0.8139199,0.3012367,0.9862368
AI1 Potholes 014.MP4,601.0,25518.0,pothole,0.5265899,0.086327665,0.8055015,0.2999762,0.9819961
AI1 Potholes 014.MP4,637.0,25554.0,pothole,0.5183782,0.07841579,0.80604327,0.28797147,0.97293174
AI1 Potholes 014.MP4,685.0,25602.0,pothole,0.5795502,0.10169767,0.77257943,0.3131457,0.962541
AI1 Potholes 014.MP4,697.0,25614.0,pothole,0.5883163,0.052663833,0.79314494,0.25250587,0.9753419
AI1 Potholes 014.MP4,709.0,25626.0,pothole,0.6277209,0.055970676,0.7962523,0.2667564,0.97741085
AI1 Potholes 014.MP4,721.0,25638.0,pothole,0.5227302,0.058269046,0.79834217,0.27314433,0.97698826
AI1 Potholes 014.MP4,745.0,25662.0,pothole,0.5248129,0.048178934,0.7983099,0.25043273,0.98876524
AI1 Potholes 015.MP4,205.0,25870.0,pothole,0.5763409,0.3276381,0.5767814,0.5163195,0.9146811
AI1 Potholes 015.MP4,241.0,25906.0,pothole,0.6091858,0.5924937,0.0361508,0.8178682,0.4626621
AI1 Potholes 015.MP4,601.0,26266.0,pothole,0.6726215,0.25609708,0.00054872036,0.5666729,0.25645638
AI1 Potholes 015.MP4,913.0,26578.0,pothole,0.6546,0.53018713,0.575915,0.77914846,0.8749238
AI1 Potholes 015.MP4,937.0,26602.0,pothole,0.90291923,0.49036402,0.20763578,0.74414164,0.48719025
AI1 Potholes 015.MP4,937.0,26602.0,pothole,0.74912447,0.34401527,0.10756992,0.4604672,0.29025984
AI1 Potholes 016.MP4,421.0,27239.0,pothole,0.64779675,0.11914174,0.5941597,0.17023255,0.67980766
AI1 Potholes 017.MP4,1.0,27247.0,pothole,0.54683894,0.13464098,0.5789484,0.18974952,0.6746888
AI1 Potholes 017.MP4,49.0,27295.0,pothole,0.5793227,0.25080192,0.3136348,0.3344686,0.44989842
AI1 Potholes 017.MP4,61.0,27307.0,pothole,0.5906217,0.2351338,0.18312266,0.301829,0.2744767
AI1 Potholes 017.MP4,397.0,27643.0,pothole,0.55769503,0.16621752,0.5511473,0.21770035,0.6507396
AI1 Potholes 017.MP4,589.0,27835.0,pothole,0.61957973,0.63766384,0.2069259,0.9561031,0.5162507
AI1 Potholes 017.MP4,769.0,28015.0,pothole,0.52528644,0.6606428,0.74102557,0.9916517,1.0
AI1 Potholes 017.MP4,781.0,28027.0,pothole,0.50197077,0.6339411,0.7416781,0.9910584,1.0
AI1 Potholes 017.MP4,853.0,28099.0,pothole,0.5510647,0.18613228,0.28056985,0.59727097,0.53004116
AI1 Potholes 017.MP4,877.0,28123.0,pothole,0.61415577,0.6346444,0.77747387,0.9919311,1.0
AI1 Potholes 017.MP4,889.0,28135.0,pothole,0.6538189,0.62791187,0.782334,0.99162954,1.0
AI1 Potholes 017.MP4,889.0,28135.0,pothole,0.6490017,0.15438247,0.76930654,0.22775206,0.93824697
AI1 Potholes 017.MP4,901.0,28147.0,pothole,0.53950715,0.6461815,0.7420329,0.9894987,1.0
AI1 Potholes 017.MP4,925.0,28171.0,pothole,0.57023114,0.6334174,0.7648039,0.9929163,1.0
AI1 Potholes 017.MP4,961.0,28207.0,pothole,0.5045162,0.1080261,0.63685477,0.15422054,0.74690545
AI1 Potholes 017.MP4,1189.0,28435.0,pothole,0.5328872,0.17710122,0.49378473,0.3945317,0.83248156
AI1 Potholes 017.MP4,1501.0,28747.0,pothole,0.572209,0.25545746,0.743686,0.38819128,0.9177608
AI1 Potholes 017.MP4,1633.0,28879.0,pothole,0.64721596,0.30598593,0.5961546,0.44098294,0.77233016
AI1 Potholes 017.MP4,1909.0,29155.0,pothole,0.5039635,0.0046811774,0.33540854,0.1790703,0.76054764
AI1 Potholes 017.MP4,2137.0,29383.0,pothole,0.5534973,0.42304388,0.12761772,0.59623784,0.5936485
AI1 Potholes 017.MP4,2269.0,29515.0,pothole,0.70592076,0.42212957,0.60565615,0.7388217,0.8638073
AI1 Potholes 017.MP4,2281.0,29527.0,pothole,0.54053086,0.4026133,0.37627125,1.0,1.0
AI1 Potholes 018.MP4,97.0,29724.0,pothole,0.5648909,0.57516456,0.7159491,0.9740392,0.9890371
AI1 Potholes 018.MP4,109.0,29736.0,pothole,0.6138365,0.574425,0.72379875,0.9737189,0.9854609
AI1 Potholes 018.MP4,157.0,29784.0,pothole,0.601315,0.5913398,0.7056103,0.97736955,0.98748636
AI1 Potholes 018.MP4,181.0,29808.0,pothole,0.51439047,0.5929075,0.70805734,0.9841011,0.99152666
AI1 Potholes 018.MP4,193.0,29820.0,pothole,0.5387396,0.59034675,0.7140383,0.97469217,0.9877704
AI1 Potholes 018.MP4,205.0,29832.0,pothole,0.6059203,0.5923784,0.72431874,0.9773853,0.98760426
AI1 Potholes 018.MP4,697.0,30324.0,pothole,0.57181126,0.5761991,0.7040543,0.9686658,0.9851884
AI1 Potholes 018.MP4,913.0,30540.0,pothole,0.6569338,0.074297965,0.34234062,0.14147426,0.46339014
AI1 Potholes 018.MP4,961.0,30588.0,pothole,0.6327362,0.33804196,0.0,0.5234332,0.21806389
AI1 Potholes 018.MP4,1093.0,30720.0,pothole,0.6388487,0.54007727,0.0,0.72443885,0.39053738
AI1 Potholes 018.MP4,1129.0,30756.0,pothole,0.5979407,0.5642121,0.75536525,0.96195424,1.0
AI1 Potholes 018.MP4,1141.0,30768.0,pothole,0.58910066,0.5741419,0.7298255,0.9866635,1.0
AI1 Potholes 018.MP4,1165.0,30792.0,pothole,0.5610923,0.5699565,0.762187,0.96661466,1.0
AI1 Potholes 018.MP4,1165.0,30792.0,pothole,0.55172175,0.38233563,0.36301482,0.6456064,0.62438154
AI1 Potholes 018.MP4,1165.0,30792.0,pothole,0.5107357,0.14630273,0.45923543,0.19748476,0.57281244
AI1 Potholes 018.MP4,1405.0,31032.0,pothole,0.51033485,0.16556205,0.06885475,0.27642217,0.3825095
AI1 Potholes 018.MP4,1609.0,31236.0,pothole,0.71084183,0.025713459,0.0,0.13830742,0.14950818
AI1 Potholes 018.MP4,1609.0,31236.0,pothole,0.70391244,0.28014567,0.79767,0.54677546,1.0
AI1 Potholes 018.MP4,1633.0,31260.0,pothole,0.56528455,0.44049633,0.2806996,0.90386724,0.62452304
AI1 Potholes 018.MP4,1741.0,31368.0,pothole,0.5600925,0.00018113852,0.0,0.24476431,0.5988531
AI1 Potholes 018.MP4,2185.0,31812.0,pothole,0.54701835,0.0,0.23129025,0.16097182,0.6313143
AI1 Potholes 018.MP4,2197.0,31824.0,pothole,0.64755625,0.010862008,0.0,0.3899622,0.31172776
AI1 Potholes 019.MP4,133.0,32396.0,pothole,0.8674783,0.3585671,0.0,0.65322864,0.29442185
AI1 Potholes 019.MP4,217.0,32480.0,pothole,0.5517249,0.42698622,0.29210165,0.7067518,0.52263814
AI1 Potholes 019.MP4,265.0,32528.0,pothole,0.5792445,0.6078967,0.535451,0.67924166,0.6280089
AI1 Potholes 019.MP4,277.0,32540.0,pothole,0.593183,0.6031183,0.5347792,0.6752566,0.6381782
AI1 Potholes 019.MP4,289.0,32552.0,pothole,0.8598588,0.09562421,0.39174137,0.33906028,0.6971086
AI1 Potholes 019.MP4,289.0,32552.0,pothole,0.64239454,0.60247844,0.53445107,0.6736508,0.64567035
AI1 Potholes 019.MP4,301.0,32564.0,pothole,0.5997945,0.5041946,0.044356182,0.9334717,0.45798248
AI1 Potholes 019.MP4,301.0,32564.0,pothole,0.5509188,0.60567087,0.5398156,0.67365354,0.6472903
AI1 Potholes 019.MP4,313.0,32576.0,pothole,0.5477696,0.59497076,0.556441,0.66489345,0.6524331
AI1 Potholes 019.MP4,325.0,32588.0,pothole,0.57215744,0.609537,0.5656791,0.6761581,0.66476345
AI1 Potholes 019.MP4,337.0,32600.0,pothole,0.60944307,0.60067457,0.58151054,0.67013496,0.67937005
AI1 Potholes 019.MP4,349.0,32612.0,pothole,0.56630534,0.60432595,0.58430314,0.6695635,0.68252087
AI1 Potholes 019.MP4,361.0,32624.0,pothole,0.60238475,0.6040862,0.5873999,0.6726052,0.6864336
AI1 Potholes 019.MP4,373.0,32636.0,pothole,0.6279415,0.6028037,0.5880636,0.67156315,0.6974826
AI1 Potholes 019.MP4,385.0,32648.0,pothole,0.63588935,0.60560966,0.59018695,0.6747004,0.696707
AI1 Potholes 019.MP4,397.0,32660.0,pothole,0.60004455,0.6053691,0.6026636,0.6723685,0.7010887
AI1 Potholes 019.MP4,409.0,32672.0,pothole,0.58697265,0.6059566,0.6065965,0.67989546,0.7113585
AI1 Potholes 019.MP4,421.0,32684.0,pothole,0.6320798,0.6080109,0.61036706,0.6900698,0.7159374
AI1 Potholes 019.MP4,421.0,32684.0,pothole,0.52085274,0.34114063,0.006387204,0.5036753,0.41524708
AI1 Potholes 019.MP4,433.0,32696.0,pothole,0.5215179,0.60600615,0.6204962,0.7043326,0.71822065
AI1 Potholes 019.MP4,457.0,32720.0,pothole,0.7634457,0.4948709,0.29416156,0.86852825,0.5778218
AI1 Potholes 019.MP4,457.0,32720.0,pothole,0.54898006,0.6085666,0.6292222,0.70238084,0.7310532
AI1 Potholes 019.MP4,469.0,32732.0,pothole,0.5445498,0.6107659,0.6340798,0.71375364,0.7340903
AI1 Potholes 019.MP4,481.0,32744.0,pothole,0.5894399,0.61308944,0.6370868,0.7181227,0.7361581
AI1 Potholes 019.MP4,649.0,32912.0,pothole,0.807058,0.5175546,0.35230687,0.76618737,0.6172985
AI1 Potholes 019.MP4,673.0,32936.0,pothole,0.5181443,0.007955253,0.0,0.25292766,0.5735476
AI1 Potholes 019.MP4,1273.0,33536.0,pothole,0.5636294,0.6390315,0.6251419,0.72753525,0.72600657
AI1 Potholes 019.MP4,1297.0,33560.0,pothole,0.57074624,0.232618,0.47590816,0.39908215,0.67582786
AI1 Potholes 019.MP4,1921.0,34184.0,pothole,0.7087713,0.3798455,0.30582133,0.596223,0.55705
AI1 Potholes 019.MP4,2161.0,34424.0,pothole,0.5808771,0.44063565,0.6615573,0.51578164,0.7507931
AI1 Potholes 019.MP4,2173.0,34436.0,pothole,0.69836193,0.42852384,0.6412519,0.48717576,0.7218387
AI1 Potholes 019.MP4,2185.0,34448.0,pothole,0.58162093,0.40850368,0.6279787,0.47071782,0.7097858
AI1 Potholes 019.MP4,3157.0,35420.0,pothole,0.69835144,0.10185687,0.41089392,0.22222473,0.7124288
AI1 Potholes 019.MP4,3457.0,35720.0,pothole,0.56424534,0.1898594,0.11032502,0.43734992,0.41848975
AI1 Potholes 019.MP4,4417.0,36680.0,pothole,0.585936,0.0033115,0.60480165,0.13639125,0.939721
AI1 Potholes 019.MP4,4489.0,36752.0,pothole,0.54182076,0.22162029,0.7653272,0.33489612,0.9078629
AI1 Potholes 019.MP4,4489.0,36752.0,pothole,0.53281724,0.10671028,0.5250809,0.22464982,0.6734637
AI1 Potholes 019.MP4,4657.0,36920.0,pothole,0.7611342,0.09903321,0.55626345,0.349162,0.87306774
AI1 Potholes 019.MP4,4885.0,37148.0,pothole,0.62414163,0.44085607,0.0,0.9660008,1.0
AI1 Potholes 019.MP4,4897.0,37160.0,pothole,0.52063155,0.45777908,0.0,0.957849,1.0
AI1 Potholes 019.MP4,4909.0,37172.0,pothole,0.59850603,0.4401617,0.0,0.92789173,1.0
AI1 Potholes 019.MP4,4945.0,37208.0,pothole,0.54396594,0.4307782,0.0,0.96670526,0.9803053
AI1 Potholes 019.MP4,4957.0,37220.0,pothole,0.5008727,0.4318382,0.0,0.9808833,1.0
AI1 Potholes 019.MP4,4969.0,37232.0,pothole,0.56170833,0.46025097,0.0,0.9870486,1.0
AI1 Potholes 019.MP4,4981.0,37244.0,pothole,0.6621105,0.42188132,0.0,0.9739504,1.0
AI1 Potholes 019.MP4,5005.0,37268.0,pothole,0.5572078,0.43374094,0.0,0.97480893,1.0
AI1 Potholes 019.MP4,5017.0,37280.0,pothole,0.5468634,0.4603824,0.0,0.9831155,1.0
AI1 Potholes 019.MP4,5401.0,37664.0,pothole,0.51305777,0.44941413,0.66232634,0.528104,0.76512504
AI1 Potholes 019.MP4,5929.0,38192.0,pothole,0.64165694,0.12173219,0.5615372,0.38425845,0.90225
AI1 Potholes 019.MP4,6085.0,38348.0,pothole,0.51909137,0.22735357,0.0,0.48298657,0.26190412
AI1 Potholes 019.MP4,6217.0,38480.0,pothole,0.54524577,0.20710501,0.55043566,1.0,1.0
AI1 Potholes 019.MP4,6469.0,38732.0,pothole,0.7257911,0.012304649,0.65661293,0.13524958,0.8277779
AI1 Potholes 019.MP4,6481.0,38744.0,pothole,0.57572675,0.38199738,0.20847225,0.7245383,0.4845838
AI1 Potholes 019.MP4,7189.0,39452.0,pothole,0.6012097,0.42246804,0.0,0.96690464,1.0
AI1 Potholes 019.MP4,7213.0,39476.0,pothole,0.5084044,0.4436252,0.0,0.96930957,1.0
AI1 Potholes 019.MP4,7309.0,39572.0,pothole,0.5743173,0.030428678,0.71320415,0.17037928,0.99781084
AI1 Potholes 019.MP4,7429.0,39692.0,pothole,0.7333505,0.1801905,0.7396986,0.33306462,0.98745567
AI1 Potholes 019.MP4,7441.0,39704.0,pothole,0.67600644,0.44740695,0.32572934,0.73920506,0.6057923
AI1 Potholes 019.MP4,7525.0,39788.0,pothole,0.5719535,0.22321811,0.0,1.0,1.0
AI1 Potholes 019.MP4,7765.0,40028.0,pothole,0.56760615,0.0,0.4155813,0.26216134,0.8340886
AI1 Potholes 019.MP4,7777.0,40040.0,pothole,0.5475541,0.097442895,0.0,0.85786235,1.0
AI1 Potholes 019.MP4,7801.0,40064.0,pothole,0.7411542,0.0,0.28276998,0.4830268,0.7217378
AI1 Potholes 019.MP4,7801.0,40064.0,pothole,0.54259604,0.008488901,0.73763573,0.14438593,1.0
AI1 Potholes 019.MP4,7813.0,40076.0,pothole,0.58140963,0.036066525,0.39556795,0.1844314,0.61731523
AI1 Potholes 019.MP4,7861.0,40124.0,pothole,0.5745414,0.17492029,0.49098712,0.36200342,0.83563787
AI1 Potholes 019.MP4,7873.0,40136.0,pothole,0.6584152,0.037953652,0.43571344,0.27449533,0.759115
AI1 Potholes 019.MP4,7873.0,40136.0,pothole,0.64207816,0.3869485,0.6276451,0.46660218,0.74272114
AI1 Potholes 019.MP4,7897.0,40160.0,pothole,0.5245272,0.012961175,0.4780211,0.121093035,0.5906194
AI1 Potholes 019.MP4,7909.0,40172.0,pothole,0.53214025,0.37744206,0.62891525,0.45640433,0.7301424
AI1 Potholes 019.MP4,7993.0,40256.0,pothole,0.52810866,0.38214263,0.6654276,0.46735117,0.75960785
AI1 Potholes 019.MP4,8245.0,40508.0,pothole,0.52578074,0.3472462,0.4378883,0.5163381,0.58773404
AI1 Potholes 019.MP4,8281.0,40544.0,pothole,0.56461287,0.41843736,0.72167224,0.5071236,0.81807286
AI1 Potholes 019.MP4,8329.0,40592.0,pothole,0.570229,0.42404702,0.7132311,0.5033773,0.81202793
AI1 Potholes 019.MP4,8413.0,40676.0,pothole,0.5116048,0.11267331,0.0,1.0,1.0
AI1 Potholes 019.MP4,8425.0,40688.0,pothole,0.58379805,0.29564902,0.0007082224,0.9795941,1.0
AI1 Potholes 019.MP4,8461.0,40724.0,pothole,0.574979,0.12771167,0.0,0.34346366,0.8025747
AI1 Potholes 019.MP4,8689.0,40952.0,pothole,0.5825818,0.41557854,0.0,0.9545451,0.9824217
AI1 Potholes 019.MP4,8713.0,40976.0,pothole,0.5984442,0.49429488,0.0,0.9721844,1.0
AI1 Potholes 019.MP4,9265.0,41528.0,pothole,0.5539831,0.7103084,0.57180923,0.81999236,0.66376704
AI1 Potholes 019.MP4,9361.0,41624.0,pothole,0.7920394,0.019704305,0.19043899,0.23912889,0.55280674
AI1 Potholes 019.MP4,9373.0,41636.0,pothole,0.77410775,0.11193524,0.14276078,0.23149936,0.30229792
AI1 Potholes 019.MP4,9373.0,41636.0,pothole,0.5559042,0.7695851,0.6809995,0.90752906,0.796983
AI1 Potholes 019.MP4,9445.0,41708.0,pothole,0.60995775,0.69430584,0.635081,0.7884005,0.72910255
AI1 Potholes 019.MP4,9481.0,41744.0,pothole,0.60015535,0.6944993,0.6421486,0.81103736,0.7468096
AI1 Potholes 019.MP4,9505.0,41768.0,pothole,0.5216789,0.54808563,0.5662708,0.63212985,0.6621102
AI1 Potholes 019.MP4,9517.0,41780.0,pothole,0.54933614,0.46448955,0.5299004,0.53235364,0.6297335
AI1 Potholes 019.MP4,9529.0,41792.0,pothole,0.60235757,0.39732888,0.5163153,0.46085396,0.61615723
AI1 Potholes 019.MP4,9649.0,41912.0,pothole,0.595499,0.30033916,0.6631033,0.38959622,0.75976044
AI1 Potholes 019.MP4,9829.0,42092.0,pothole,0.69463366,0.22512716,0.36985922,0.43934697,0.61644965
AI1 Potholes 019.MP4,10045.0,42308.0,pothole,0.5758029,0.42184946,0.0,0.9275181,0.98478496
AI1 Potholes 019.MP4,10105.0,42368.0,pothole,0.50112265,0.9015223,0.6652934,0.9977447,0.9066941
AI1 Potholes 019.MP4,10177.0,42440.0,pothole,0.5289192,0.91069424,0.67796147,0.9929805,0.9211116
AI1 Potholes 019.MP4,10225.0,42488.0,pothole,0.513745,0.37233526,0.0,0.9332916,1.0
AI1 Potholes 019.MP4,10273.0,42536.0,pothole,0.51075965,0.9288696,0.7172146,0.9976342,0.8613142
AI1 Potholes 019.MP4,10285.0,42548.0,pothole,0.5426458,0.4084288,0.0,0.95336425,1.0
AI1 Potholes 019.MP4,10309.0,42572.0,pothole,0.5311051,0.9287914,0.7218872,0.99734974,0.86561877
AI1 Potholes 019.MP4,10357.0,42620.0,pothole,0.5055187,0.9283316,0.70983607,0.9975264,0.8813068
AI1 Potholes 019.MP4,10405.0,42668.0,pothole,0.5043544,0.920079,0.70757806,0.9966428,0.87356806
AI1 Potholes 019.MP4,10417.0,42680.0,pothole,0.56899333,0.026803315,0.11715025,0.14324851,0.40458703
AI1 Potholes 019.MP4,10417.0,42680.0,pothole,0.54600275,0.9206445,0.71686363,0.9968302,0.8726332
AI1 Potholes 019.MP4,10429.0,42692.0,pothole,0.5372194,0.9221286,0.71309775,0.9963668,0.8713364
AI1 Potholes 019.MP4,10453.0,42716.0,pothole,0.5710489,0.917995,0.7147089,0.99759984,0.8863791
AI1 Potholes 019.MP4,10465.0,42728.0,pothole,0.63392925,0.9177963,0.72544944,0.99608463,0.8670504
AI1 Potholes 019.MP4,10477.0,42740.0,pothole,0.5634916,0.91897696,0.72160244,0.9964655,0.867892
AI1 Potholes 019.MP4,10489.0,42752.0,pothole,0.59227943,0.91901296,0.72506845,0.99615914,0.86532927
AI1 Potholes 019.MP4,10549.0,42812.0,pothole,0.6641635,0.41244543,0.0,0.968194,1.0
AI1 Potholes 019.MP4,10705.0,42968.0,pothole,0.52269447,0.0,0.0,0.3054716,0.40244704
AI1 Potholes 019.MP4,10789.0,43052.0,pothole,0.61979824,0.06583597,0.636898,0.20066087,0.79653233
AI1 Potholes 019.MP4,10801.0,43064.0,pothole,0.5913575,0.21817648,0.35636768,0.4749239,0.5948663
AI1 Potholes 019.MP4,10813.0,43076.0,pothole,0.5096302,0.9121719,0.6922345,0.9969047,0.8946985
AI1 Potholes 019.MP4,10825.0,43088.0,pothole,0.6474683,0.91465056,0.70621085,0.99765587,0.85515416
AI1 Potholes 019.MP4,10933.0,43196.0,pothole,0.5027117,0.38140067,0.0,0.93700135,1.0
AI1 Potholes 019.MP4,10945.0,43208.0,pothole,0.5102733,0.918987,0.69932795,0.9965237,0.83116746
AI1 Potholes 019.MP4,10957.0,43220.0,pothole,0.51268494,0.9197847,0.69780993,0.996483,0.8291285
AI1 Potholes 019.MP4,10993.0,43256.0,pothole,0.7162709,0.3967132,0.0,0.9704426,0.9976226
AI1 Potholes 019.MP4,11005.0,43268.0,pothole,0.522527,0.9202405,0.696845,0.99716115,0.8244068
AI1 Potholes 019.MP4,11029.0,43292.0,pothole,0.53399235,0.9198749,0.68478,0.99668765,0.8462477
AI1 Potholes 019.MP4,11041.0,43304.0,pothole,0.5327856,0.9218555,0.68890375,0.9971275,0.8373377
AI1 Potholes 019.MP4,11089.0,43352.0,pothole,0.52201116,0.9295261,0.6924005,0.99828136,0.85228556
AI1 Potholes 019.MP4,11101.0,43364.0,pothole,0.56823784,0.4278173,0.0,0.9314306,0.99214876
AI1 Potholes 019.MP4,11149.0,43412.0,pothole,0.5571173,0.40041003,0.0,0.94366527,1.0
AI1 Potholes 020.MP4,1.0,43608.0,pothole,0.54263735,0.69187385,0.53694487,0.8358765,0.647341
AI1 Potholes 020.MP4,61.0,43668.0,pothole,0.52300894,0.727095,0.54631436,0.836257,0.65464926
AI1 Potholes 020.MP4,697.0,44304.0,pothole,0.5571249,0.08602653,0.49810946,0.15745416,0.5728127
AI1 Potholes 020.MP4,805.0,44412.0,pothole,0.6261654,0.003229592,0.4730723,0.07995048,0.6195743
AI1 Potholes 020.MP4,1153.0,44760.0,pothole,0.6054375,0.043989703,0.63775396,0.26308686,0.8978238
AI1 Potholes 020.MP4,1573.0,45180.0,pothole,0.5452365,0.007023521,0.5980282,0.24258095,0.9637277
AI1 Potholes 020.MP4,1597.0,45204.0,pothole,0.6218245,0.26175642,0.09577988,0.6222736,0.46724623
AI1 Potholes 020.MP4,1885.0,45492.0,pothole,0.5094344,0.88897353,0.011190027,1.0,0.32443234
AI1 Potholes 020.MP4,2029.0,45636.0,pothole,0.5004727,0.93036985,0.7721555,0.99770844,0.92323625
AI1 Potholes 020.MP4,2041.0,45648.0,pothole,0.50132227,0.9327497,0.7688523,0.9986151,0.9357311
AI1 Potholes 020.MP4,2053.0,45660.0,pothole,0.53152764,0.9312242,0.7746107,0.99830556,0.9261913
AI1 Potholes 020.MP4,2065.0,45672.0,pothole,0.53548235,0.92888016,0.76535195,0.9985029,0.9388656
AI1 Potholes 020.MP4,2173.0,45780.0,pothole,0.75584376,0.17276575,0.21537109,0.2855817,0.36596173
AI1 Potholes 020.MP4,2173.0,45780.0,pothole,0.5827019,0.28996575,0.014860354,0.415008,0.17452094
AI1 Potholes 020.MP4,2221.0,45828.0,pothole,0.54395366,0.73051584,0.31484994,0.88014317,0.42493638
AI1 Potholes 020.MP4,3505.0,47112.0,pothole,0.7188906,0.29877463,0.0,0.49415013,0.25843984
AI1 Potholes 020.MP4,3985.0,47592.0,pothole,0.57609963,0.52236116,0.7830449,0.94534266,1.0
AI1 Potholes 020.MP4,4129.0,47736.0,pothole,0.59806824,0.05878257,0.350536,0.19854689,0.6553006
AI1 Potholes 020.MP4,4393.0,48000.0,pothole,0.5850166,0.39479196,0.4580291,0.70304227,0.7129083
AI1 Potholes 020.MP4,4477.0,48084.0,pothole,0.6657061,0.07480815,0.6601899,0.17792496,0.8095824
AI1 Potholes 021.MP4,205.0,48298.0,pothole,0.5696519,0.0,0.29079407,0.37762037,0.5337796
AI1 Potholes 021.MP4,241.0,48334.0,pothole,0.51840186,0.3783664,0.24690673,0.6344008,0.5566156
AI1 Potholes 021.MP4,445.0,48538.0,pothole,0.637225,0.065728284,0.7964104,0.14861745,0.91517776
AI1 Potholes 021.MP4,493.0,48586.0,pothole,0.56347436,0.0,0.0,0.14255837,0.25483376
AI1 Potholes 021.MP4,793.0,48886.0,pothole,0.8143995,0.4468088,0.48647982,0.7233875,0.7497917
AI1 Potholes 021.MP4,961.0,49054.0,pothole,0.65653574,0.31558406,0.5288127,0.65531474,0.768086
AI1 Potholes 021.MP4,1033.0,49126.0,pothole,0.55028033,0.19297773,0.2004442,0.44509536,0.41720098
AI1 Potholes 021.MP4,1609.0,49702.0,pothole,0.61060226,0.0015080646,0.5602995,0.17949674,0.98873305
AI1 Potholes 021.MP4,1621.0,49714.0,pothole,0.82387733,0.29246473,0.5930069,0.5691875,0.8924199
AI1 Potholes 021.MP4,3061.0,51154.0,pothole,0.8458876,0.47959727,0.20173056,0.7646654,0.46626365
AI1 Potholes 021.MP4,3265.0,51358.0,pothole,0.5634006,0.095737934,0.5907437,0.21902499,0.8514996
AI1 Potholes 021.MP4,3445.0,51538.0,pothole,0.53350914,0.011759542,0.4685428,0.14359096,0.7638434
AI1 Potholes 021.MP4,3517.0,51610.0,pothole,0.7252701,0.13821067,0.5617386,0.2891184,0.8375704
AI1 Potholes 021.MP4,3829.0,51922.0,pothole,0.5696254,0.07105476,0.76889086,0.14877012,0.86907816
AI1 Potholes 021.MP4,3841.0,51934.0,pothole,0.52753794,0.30307114,0.36880246,0.44849288,0.56120634
AI1 Potholes 021.MP4,4309.0,52402.0,pothole,0.6066271,0.16625887,0.72603595,0.3391496,0.9610777
AI1 Potholes 021.MP4,5413.0,53506.0,pothole,0.8424952,0.24076216,0.42307228,0.5140539,0.67707425
AI1 Potholes 022.MP4,133.0,54430.0,pothole,0.5308461,0.093995266,0.6135194,0.23285559,0.85156816
AI1 Potholes 022.MP4,169.0,54466.0,pothole,0.7079327,0.57043827,0.11742239,0.78172755,0.46743768
AI1 Potholes 023.MP4,13.0,55167.0,pothole,0.52803946,0.5228147,0.6504678,1.0,0.9934296
AI1 Potholes 023.MP4,49.0,55203.0,pothole,0.663911,0.06435803,0.23492499,0.14276043,0.3344121
AI1 Potholes 023.MP4,937.0,56091.0,pothole,0.5737877,0.00037161633,0.07858128,0.09006737,0.24553278
AI1 Potholes 023.MP4,961.0,56115.0,pothole,0.77647907,0.0060570613,0.114033714,0.113050476,0.26730967
AI1 Potholes 023.MP4,1249.0,56403.0,pothole,0.5133364,0.67707074,0.5614577,0.7567134,0.66630703
AI1 Potholes 023.MP4,1261.0,56415.0,pothole,0.69670665,0.6741238,0.5629216,0.7532459,0.6722217
AI1 Potholes 023.MP4,1273.0,56427.0,pothole,0.56766444,0.6752077,0.5612684,0.7652815,0.6713404
AI1 Potholes 023.MP4,1285.0,56439.0,pothole,0.5884221,0.66311294,0.5694304,0.7606384,0.6737698
AI1 Potholes 023.MP4,1417.0,56571.0,pothole,0.5160804,0.63357073,0.611097,0.7069834,0.71070695
AI1 Potholes 023.MP4,1465.0,56619.0,pothole,0.50944495,0.62753904,0.5977241,0.709785,0.695691
AI1 Potholes 023.MP4,1501.0,56655.0,pothole,0.69649714,0.0069192126,0.2765609,0.11365509,0.43255776
AI1 Potholes 024.MP4,61.0,56804.0,pothole,0.52527535,0.52638113,0.62247807,0.596912,0.73245424
AI1 Potholes 024.MP4,73.0,56816.0,pothole,0.5468631,0.5092226,0.61806244,0.5812237,0.72034484
AI1 Potholes 024.MP4,97.0,56840.0,pothole,0.59161687,0.48699582,0.6552075,0.5700216,0.7552154
AI1 Potholes 024.MP4,121.0,56864.0,pothole,0.6035065,0.37859386,0.6428139,0.44596088,0.742205
AI1 Potholes 024.MP4,133.0,56876.0,pothole,0.5250896,0.39228058,0.6227308,0.46308994,0.7199988
AI1 Potholes 024.MP4,157.0,56900.0,pothole,0.51622,0.40683842,0.6495753,0.48586613,0.74648505
AI1 Potholes 024.MP4,169.0,56912.0,pothole,0.5043808,0.42892933,0.6587375,0.50343627,0.75481766
AI1 Potholes 024.MP4,181.0,56924.0,pothole,0.57551014,0.4352726,0.66880494,0.5081835,0.7605229
AI1 Potholes 024.MP4,241.0,56984.0,pothole,0.5957544,0.46337295,0.69369036,0.55643606,0.78585154
AI1 Potholes 024.MP4,277.0,57020.0,pothole,0.5611206,0.49039838,0.71049154,0.58829767,0.81027794
AI1 Potholes 024.MP4,313.0,57056.0,pothole,0.5994924,0.050677657,0.67585325,0.34500244,1.0
AI1 Potholes 024.MP4,313.0,57056.0,pothole,0.520485,0.50844,0.7115309,0.5952481,0.8175899
AI1 Potholes 024.MP4,409.0,57152.0,pothole,0.58850724,0.25936896,0.6924437,0.39909917,0.95214534
AI1 Potholes 024.MP4,673.0,57416.0,pothole,0.5240421,0.046133697,0.5704667,0.106953174,0.67304724
AI1 Potholes 024.MP4,685.0,57428.0,pothole,0.72705305,0.076320864,0.46624184,0.14946342,0.5953785
AI1 Potholes 024.MP4,685.0,57428.0,pothole,0.61210656,0.07026863,0.45174456,0.9579052,1.0
AI1 Potholes 024.MP4,697.0,57440.0,pothole,0.79280597,0.095296696,0.3821029,0.18174185,0.53000087
AI1 Potholes 024.MP4,697.0,57440.0,pothole,0.6573756,0.117976815,0.17360908,0.98406506,1.0
AI1 Potholes 024.MP4,709.0,57452.0,pothole,0.8078844,0.12028356,0.31385237,0.21480946,0.4720779
AI1 Potholes 024.MP4,721.0,57464.0,pothole,0.8714796,0.16224098,0.23767245,0.2721418,0.41123444
AI1 Potholes 024.MP4,721.0,57464.0,pothole,0.51732206,0.24515212,0.04584664,0.95647466,0.9552172
AI1 Potholes 024.MP4,733.0,57476.0,pothole,0.7261659,0.23577929,0.08262598,0.3763168,0.2967801
AI1 Potholes 024.MP4,733.0,57476.0,pothole,0.60204417,0.4834394,0.6825067,0.56352204,0.78238523
AI1 Potholes 024.MP4,757.0,57500.0,pothole,0.5824239,0.07942213,0.6532512,0.18280299,0.816602
AI1 Potholes 024.MP4,769.0,57512.0,pothole,0.5734255,0.21605624,0.44975585,0.3608945,0.6331461
AI1 Potholes 024.MP4,769.0,57512.0,pothole,0.54340756,0.46049392,0.6933904,0.5542971,0.785876
AI1 Potholes 024.MP4,829.0,57572.0,pothole,0.5573496,0.42565352,0.6727809,0.51056844,0.7802007
AI1 Potholes 024.MP4,853.0,57596.0,pothole,0.573691,0.41645825,0.666777,0.50947416,0.76746917
AI1 Potholes 024.MP4,865.0,57608.0,pothole,0.54449224,0.42914698,0.6634899,0.5060357,0.77227575
AI1 Potholes 025.MP4,193.0,57829.0,pothole,0.50710964,0.2559884,0.65318966,0.323581,0.8260683
AI1 Potholes 026.MP4,1.0,58389.0,pothole,0.59178203,0.41765684,0.6090589,0.4786002,0.70359474
AI1 Potholes 026.MP4,13.0,58401.0,pothole,0.570999,0.41593373,0.62892807,0.4830259,0.7323103
AI1 Potholes 026.MP4,18.0,58406.0,pothole,0.5333465,0.41557688,0.6394658,0.48194617,0.739632
AI1 Potholes 026.MP4,18.0,58406.0,pothole,0.5333465,0.41557688,0.6394658,0.48194617,0.739632
AI1 Potholes 026.MP4,49.0,58437.0,pothole,0.5289407,0.4013714,0.6736486,0.47531387,0.77775526
AI1 Potholes 026.MP4,61.0,58449.0,pothole,0.5253725,0.39730042,0.67883736,0.47450477,0.77453154
AI1 Potholes 026.MP4,73.0,58461.0,pothole,0.563873,0.40252936,0.6662652,0.4767909,0.7671227
AI1 Potholes 026.MP4,97.0,58485.0,pothole,0.5728149,0.40479988,0.63361776,0.47781974,0.74033463
AI1 Potholes 026.MP4,109.0,58497.0,pothole,0.5007333,0.40415642,0.62456167,0.4763355,0.7274653
AI1 Potholes 026.MP4,121.0,58509.0,pothole,0.61188054,0.40284494,0.619593,0.4746565,0.72628915
AI1 Potholes 026.MP4,133.0,58521.0,pothole,0.554905,0.4031566,0.61862993,0.47405902,0.7246015
AI1 Potholes 026.MP4,145.0,58533.0,pothole,0.5224511,0.40344793,0.6194694,0.47390872,0.7238867
AI1 Potholes 026.MP4,157.0,58545.0,pothole,0.56156194,0.40192547,0.62062615,0.4743553,0.7253631
AI1 Potholes 026.MP4,169.0,58557.0,pothole,0.60306257,0.40262583,0.6166835,0.47375128,0.72279835
AI1 Potholes 026.MP4,181.0,58569.0,pothole,0.6168654,0.40296274,0.6176355,0.47619802,0.7238846
AI1 Potholes 026.MP4,193.0,58581.0,pothole,0.5255813,0.40396184,0.625466,0.475235,0.728976
AI1 Potholes 026.MP4,205.0,58593.0,pothole,0.51731366,0.4034811,0.6255536,0.47525647,0.72877383
AI1 Potholes 026.MP4,217.0,58605.0,pothole,0.5593294,0.40223944,0.62286806,0.47477758,0.72621536
AI1 Potholes 026.MP4,229.0,58617.0,pothole,0.5659943,0.4021452,0.6219847,0.47422987,0.72566354
AI1 Potholes 026.MP4,253.0,58641.0,pothole,0.5568551,0.4114882,0.6535515,0.49664602,0.7500512
AI1 Potholes 026.MP4,265.0,58653.0,pothole,0.5825693,0.4349149,0.6795877,0.5097404,0.7885884
AI1 Potholes 026.MP4,325.0,58713.0,pothole,0.5067913,0.42802262,0.675546,0.5022375,0.784576
AI1 Potholes 026.MP4,349.0,58737.0,pothole,0.54933476,0.40881413,0.67540747,0.4991799,0.7799944
AI1 Potholes 026.MP4,361.0,58749.0,pothole,0.5009949,0.40902603,0.6785349,0.48659992,0.7881841
AI1 Potholes 026.MP4,397.0,58785.0,pothole,0.5061132,0.39811096,0.6817862,0.48001632,0.7892697
AI1 Potholes 026.MP4,409.0,58797.0,pothole,0.5784908,0.3940455,0.68478006,0.47721174,0.79147524
AI1 Potholes 026.MP4,421.0,58809.0,pothole,0.63977116,0.39226264,0.6912712,0.48013377,0.79360676
AI1 Potholes 026.MP4,433.0,58821.0,pothole,0.62741596,0.39380425,0.68711936,0.47885835,0.7898134
AI1 Potholes 026.MP4,445.0,58833.0,pothole,0.59566516,0.39079493,0.6875689,0.47711033,0.7910491
AI1 Potholes 026.MP4,457.0,58845.0,pothole,0.6070644,0.3905189,0.69099504,0.47497523,0.79200894
AI1 Potholes 026.MP4,493.0,58881.0,pothole,0.5652674,0.3907106,0.682303,0.47761744,0.79019505
AI1 Potholes 027.MP4,1.0,58892.0,pothole,0.5406458,0.32087523,0.671764,0.40574145,0.77132225
AI1 Potholes 027.MP4,18.0,58909.0,pothole,0.5778484,0.29507113,0.6923589,0.37454975,0.79186386
AI1 Potholes 027.MP4,18.0,58909.0,pothole,0.5778484,0.29507113,0.6923589,0.37454975,0.79186386
AI1 Potholes 027.MP4,49.0,58940.0,pothole,0.5732051,0.29828632,0.66388834,0.36112183,0.7634554
AI1 Potholes 027.MP4,61.0,58952.0,pothole,0.56347746,0.3073223,0.6616949,0.37117592,0.7626765
AI1 Potholes 027.MP4,73.0,58964.0,pothole,0.57715845,0.32403806,0.667362,0.40036455,0.76494
AI1 Potholes 027.MP4,85.0,58976.0,pothole,0.5133919,0.3308915,0.68068254,0.3978697,0.788656
AI1 Potholes 027.MP4,97.0,58988.0,pothole,0.51767975,0.3445196,0.68516743,0.424112,0.7868409
AI1 Potholes 027.MP4,109.0,59000.0,pothole,0.6428256,0.35289335,0.6854033,0.43539625,0.7956719
AI1 Potholes 027.MP4,121.0,59012.0,pothole,0.69581133,0.35987934,0.68720615,0.44735536,0.7947283
AI1 Potholes 027.MP4,133.0,59024.0,pothole,0.5709192,0.37626538,0.6907926,0.4385279,0.7963472
AI1 Potholes 027.MP4,181.0,59072.0,pothole,0.61981726,0.3995038,0.7047241,0.48328236,0.80757177
AI1 Potholes 027.MP4,193.0,59084.0,pothole,0.5872721,0.4037388,0.7137638,0.48519135,0.81729764
AI1 Potholes 027.MP4,205.0,59096.0,pothole,0.6384813,0.41437495,0.7137147,0.5038008,0.8137027
AI1 Potholes 029.MP4,121.0,60009.0,pothole,0.66252255,0.00065903366,0.46019185,0.19808139,0.78552794
AI1 Potholes 029.MP4,145.0,60033.0,pothole,0.6398861,0.12146033,0.31536645,0.519474,0.66740614
AI1 Potholes 029.MP4,253.0,60141.0,pothole,0.5068366,0.5776776,0.50595963,0.67306435,0.6261457
AI1 Potholes 030.MP4,13.0,60172.0,pothole,0.74650276,0.8633282,0.0817243,1.0,0.41888112
AI1 Potholes 031.MP4,1.0,60383.0,pothole,0.5325599,0.53191286,0.62790513,0.5973875,0.7350013
AI1 Potholes 032.MP4,97.0,60760.0,pothole,0.5389102,0.45343703,0.6022457,0.52805674,0.71381676
AI1 Potholes 032.MP4,109.0,60772.0,pothole,0.63585675,0.44219434,0.58475244,0.5278035,0.7086339
AI1 Potholes 032.MP4,121.0,60784.0,pothole,0.6225131,0.43559736,0.58462214,0.5175171,0.7017499
AI1 Potholes 032.MP4,133.0,60796.0,pothole,0.5583628,0.42828122,0.57843333,0.4994525,0.69193286
AI1 Potholes 032.MP4,145.0,60808.0,pothole,0.517827,0.41416478,0.5735703,0.48662955,0.6831339
AI1 Potholes 032.MP4,181.0,60844.0,pothole,0.57979107,0.30234644,0.57856417,0.37031683,0.6871983
AI1 Potholes 032.MP4,193.0,60856.0,pothole,0.6454253,0.2657793,0.5567069,0.32651058,0.65502334
AI1 Potholes 032.MP4,265.0,60928.0,pothole,0.573167,0.19433439,0.6347856,0.26152328,0.7292909
AI1 Potholes 032.MP4,277.0,60940.0,pothole,0.546357,0.2128011,0.64580464,0.27513045,0.74268246
AI1 Potholes 032.MP4,301.0,60964.0,pothole,0.5834861,0.26608053,0.6848041,0.33001766,0.779871
AI1 Potholes 032.MP4,313.0,60976.0,pothole,0.5183187,0.3086032,0.7103179,0.37075928,0.8079199
AI1 Potholes 032.MP4,325.0,60988.0,pothole,0.5281647,0.35625097,0.73702145,0.41865346,0.8381891
AI1 Potholes 032.MP4,373.0,61036.0,pothole,0.53452784,0.44145295,0.79954445,0.52127135,0.9020808
AI1 Potholes 032.MP4,385.0,61048.0,pothole,0.5347329,0.4418635,0.7982274,0.52117676,0.9017345
AI1 Potholes 032.MP4,469.0,61132.0,pothole,0.5431473,0.47256038,0.76408106,0.55081236,0.8610824
AI1 Potholes 032.MP4,481.0,61144.0,pothole,0.5151909,0.0070829913,0.7555367,0.096324995,0.8925797
AI1 Potholes 032.MP4,481.0,61144.0,pothole,0.5135298,0.49057084,0.75294226,0.58741397,0.847372
AI1 Potholes 032.MP4,505.0,61168.0,pothole,0.6570815,0.021419886,0.5580548,0.091902554,0.65008485
AI1 Potholes 032.MP4,673.0,61336.0,pothole,0.59746283,0.4854365,0.75975496,0.5674316,0.861162
AI1 Potholes 032.MP4,685.0,61348.0,pothole,0.5846793,0.48631418,0.76392055,0.56764495,0.8664845
AI1 Potholes 032.MP4,709.0,61372.0,pothole,0.5535053,0.4791828,0.77089906,0.5540331,0.87762225
AI1 Potholes 032.MP4,733.0,61396.0,pothole,0.5453718,0.47486138,0.7680664,0.5517274,0.87006986
AI1 Potholes 032.MP4,745.0,61408.0,pothole,0.5270297,0.47065374,0.77177083,0.551825,0.86757195
AI1 Potholes 032.MP4,757.0,61420.0,pothole,0.61155164,0.46880648,0.7668481,0.5489529,0.8641393
AI1 Potholes 032.MP4,769.0,61432.0,pothole,0.5867305,0.46482965,0.76981884,0.54619706,0.8672176
AI1 Potholes 032.MP4,781.0,61444.0,pothole,0.59970576,0.46118188,0.7687303,0.5404471,0.8675003
AI1 Potholes 032.MP4,793.0,61456.0,pothole,0.59096557,0.46137625,0.7650666,0.53656405,0.8657764
AI1 Potholes 032.MP4,805.0,61468.0,pothole,0.58647716,0.45860633,0.7677002,0.53998584,0.86979485
AI1 Potholes 032.MP4,817.0,61480.0,pothole,0.5519158,0.4572413,0.7699408,0.53743875,0.87480325
AI1 Potholes 032.MP4,829.0,61492.0,pothole,0.5827542,0.4568706,0.7663604,0.5331519,0.8701029
AI1 Potholes 032.MP4,841.0,61504.0,pothole,0.62199825,0.45777047,0.76363957,0.53454494,0.86787534
AI1 Potholes 032.MP4,853.0,61516.0,pothole,0.5797092,0.4578028,0.766692,0.53621566,0.87385195
AI1 Potholes 032.MP4,865.0,61528.0,pothole,0.6108482,0.45706248,0.7637317,0.5335917,0.86966574
AI1 Potholes 032.MP4,877.0,61540.0,pothole,0.5584032,0.45032036,0.7468457,0.5275997,0.8433013
AI1 Potholes 032.MP4,889.0,61552.0,pothole,0.60513455,0.44665915,0.74327487,0.5259538,0.8374756
AI1 Potholes 032.MP4,901.0,61564.0,pothole,0.5820664,0.4379341,0.7407718,0.5112472,0.83640647
AI1 Potholes 032.MP4,913.0,61576.0,pothole,0.51565135,0.4361085,0.73571634,0.5060779,0.8330203
AI1 Potholes 032.MP4,925.0,61588.0,pothole,0.5664795,0.43245167,0.7352424,0.5028518,0.83850914
AI1 Potholes 032.MP4,937.0,61600.0,pothole,0.57145333,0.4271478,0.7363382,0.49981433,0.83405083
AI1 Potholes 032.MP4,949.0,61612.0,pothole,0.58896565,0.41191065,0.73752475,0.47485024,0.8428006
AI1 Potholes 032.MP4,961.0,61624.0,pothole,0.62789655,0.38817313,0.7437236,0.45120016,0.849274
AI1 Potholes 032.MP4,973.0,61636.0,pothole,0.6027874,0.3648319,0.74771726,0.4282317,0.8510078
AI1 Potholes 032.MP4,985.0,61648.0,pothole,0.59584904,0.34803978,0.7593053,0.41088054,0.8686221
AI1 Potholes 032.MP4,997.0,61660.0,pothole,0.58974177,0.33202827,0.7610501,0.396021,0.87150097
AI1 Potholes 032.MP4,1009.0,61672.0,pothole,0.5850184,0.33055687,0.76129353,0.3932171,0.8712237
AI1 Potholes 032.MP4,1021.0,61684.0,pothole,0.5854277,0.31178692,0.7277006,0.37393436,0.8344233
AI1 Potholes 032.MP4,1033.0,61696.0,pothole,0.5568428,0.305223,0.7123989,0.36941528,0.8170227
AI1 Potholes 032.MP4,1045.0,61708.0,pothole,0.60058707,0.30598316,0.71090037,0.3728569,0.82019156
AI1 Potholes 032.MP4,1057.0,61720.0,pothole,0.60564053,0.31230745,0.7231182,0.3736575,0.82775676
AI1 Potholes 033.MP4,241.0,61961.0,pothole,0.5885449,0.10666035,0.57938826,0.19896914,0.74910975
AI1 Potholes 033.MP4,481.0,62201.0,pothole,0.66727394,0.5565567,0.6305751,1.0,1.0
AI1 Potholes 033.MP4,601.0,62321.0,pothole,0.50980216,0.0037865825,0.62878823,0.057734787,0.7623249
AI1 Potholes 034.MP4,97.0,62421.0,pothole,0.52583194,0.65379786,0.5828184,0.7949445,0.69381464
AI1 Potholes 034.MP4,133.0,62457.0,pothole,0.5380955,0.6672893,0.59234387,0.7721103,0.7067755
AI1 Potholes 034.MP4,145.0,62469.0,pothole,0.6098387,0.0893158,0.61150455,0.1941438,0.8310852
AI1 Potholes 034.MP4,157.0,62481.0,pothole,0.50155425,0.661039,0.5729754,0.80613875,0.70829093
AI1 Potholes 034.MP4,193.0,62517.0,pothole,0.5403628,0.6630257,0.5867284,0.7969406,0.7074973
AI1 Potholes 034.MP4,265.0,62589.0,pothole,0.5949042,0.6593134,0.5971649,0.76036054,0.7115802
AI1 Potholes 034.MP4,301.0,62625.0,pothole,0.57278335,0.23712623,0.44964793,0.38040376,0.7021961
AI1 Potholes 034.MP4,421.0,62745.0,pothole,0.5456791,0.63674927,0.5929594,0.7657275,0.71007824
AI1 Potholes 034.MP4,433.0,62757.0,pothole,0.5630754,0.6174881,0.5838401,0.7626284,0.7057591
AI1 Potholes 034.MP4,469.0,62793.0,pothole,0.64305174,0.040687025,0.60355306,0.093183234,0.6919228
AI1 Potholes 034.MP4,481.0,62805.0,pothole,0.5082188,0.0017101932,0.67574507,0.03717269,0.7667696
AI1 Potholes 034.MP4,565.0,62889.0,pothole,0.5222915,0.62520367,0.59473616,0.75594896,0.70590323
AI1 Potholes 034.MP4,589.0,62913.0,pothole,0.5717891,0.6276438,0.5915197,0.7559267,0.70416915
AI1 Potholes 034.MP4,601.0,62925.0,pothole,0.5397974,0.6326046,0.5826784,0.7548332,0.71074575
AI1 Potholes 034.MP4,613.0,62937.0,pothole,0.5792092,0.62705815,0.5836007,0.7469665,0.7062922
AI1 Potholes 034.MP4,625.0,62949.0,pothole,0.5437625,0.6213392,0.58283365,0.7516335,0.6988059
AI1 Potholes 034.MP4,637.0,62961.0,pothole,0.607001,0.6179932,0.57948697,0.7448726,0.7057127
AI1 Potholes 034.MP4,661.0,62985.0,pothole,0.63861376,0.6177031,0.5762272,0.7352544,0.70727324
AI1 Potholes 034.MP4,673.0,62997.0,pothole,0.6105001,0.6248135,0.5795649,0.7418845,0.70431805
AI1 Potholes 034.MP4,709.0,63033.0,pothole,0.53575087,0.62296253,0.58147895,0.7470197,0.70757174
AI1 Potholes 034.MP4,733.0,63057.0,pothole,0.535536,0.6160568,0.5810538,0.71923375,0.70202714
AI1 Potholes 034.MP4,745.0,63069.0,pothole,0.5847485,0.6157291,0.581263,0.7128813,0.68727607
AI1 Potholes 034.MP4,769.0,63093.0,pothole,0.5507093,0.6177211,0.5844106,0.7229831,0.7068687
AI1 Potholes 034.MP4,781.0,63105.0,pothole,0.5013816,0.6235751,0.5921233,0.7537962,0.7054506
AI1 Potholes 034.MP4,817.0,63141.0,pothole,0.55911,0.6079323,0.5977237,0.7115207,0.7066364
AI1 Potholes 034.MP4,829.0,63153.0,pothole,0.54417443,0.28091496,0.023413792,0.6197925,0.40622777
AI1 Potholes 034.MP4,853.0,63177.0,pothole,0.62914836,0.5868234,0.58985096,0.69232494,0.70448464
AI1 Potholes 034.MP4,865.0,63189.0,pothole,0.5929739,0.58453155,0.5827151,0.7033123,0.7047158
AI1 Potholes 034.MP4,889.0,63213.0,pothole,0.521481,0.5660199,0.5918403,0.67264247,0.7071256
AI1 Potholes 034.MP4,901.0,63225.0,pothole,0.64442855,0.5712216,0.5933264,0.6673876,0.71050996
AI1 Potholes 034.MP4,913.0,63237.0,pothole,0.5709377,0.5648489,0.59349465,0.6704432,0.7049681
AI1 Potholes 034.MP4,937.0,63261.0,pothole,0.656764,0.565915,0.5917195,0.6629112,0.70834196
AI1 Potholes 034.MP4,949.0,63273.0,pothole,0.57372373,0.5585772,0.5938022,0.6679177,0.7244407
AI1 Potholes 034.MP4,961.0,63285.0,pothole,0.683785,0.55816215,0.59431523,0.66279453,0.71182114
AI1 Potholes 034.MP4,1033.0,63357.0,pothole,0.56219536,0.5450427,0.6065519,0.6411255,0.7048389
AI1 Potholes 034.MP4,1057.0,63381.0,pothole,0.5582727,0.53935885,0.6021056,0.6472453,0.7093537
AI1 Potholes 034.MP4,1069.0,63393.0,pothole,0.54316837,0.52751696,0.600163,0.6384016,0.70713675
AI1 Potholes 034.MP4,1081.0,63405.0,pothole,0.53422636,0.5213512,0.59286654,0.61675644,0.7148813
AI1 Potholes 034.MP4,1129.0,63453.0,pothole,0.603501,0.48408282,0.5888852,0.6023195,0.7070756
AI1 Potholes 034.MP4,1141.0,63465.0,pothole,0.550255,0.48318803,0.5967835,0.6140704,0.707255
AI1 Potholes 034.MP4,1153.0,63477.0,pothole,0.55815923,0.47988907,0.5918847,0.62195385,0.7015858
AI1 Potholes 034.MP4,1177.0,63501.0,pothole,0.5505073,0.4921476,0.58885884,0.59595364,0.70765686
AI1 Potholes 034.MP4,1225.0,63549.0,pothole,0.51002663,0.50922334,0.5768815,0.6166862,0.69398606
AI1 Potholes 034.MP4,1261.0,63585.0,pothole,0.6704378,0.50991803,0.56888103,0.61458844,0.6870183
AI1 Potholes 034.MP4,1273.0,63597.0,pothole,0.63052374,0.51450443,0.55954343,0.6152029,0.6721906
AI1 Potholes 034.MP4,1285.0,63609.0,pothole,0.7073353,0.4987154,0.554441,0.5864682,0.6697273
AI1 Potholes 034.MP4,1297.0,63621.0,pothole,0.6497442,0.49843198,0.54632664,0.5877325,0.6642362
AI1 Potholes 034.MP4,1309.0,63633.0,pothole,0.63637626,0.49982163,0.5472494,0.5762624,0.65441936
AI1 Potholes 034.MP4,1321.0,63645.0,pothole,0.5985886,0.49490446,0.5405451,0.5847643,0.6548114
AI1 Potholes 034.MP4,1333.0,63657.0,pothole,0.660067,0.48560673,0.53858334,0.5711326,0.65720266
AI1 Potholes 034.MP4,1345.0,63669.0,pothole,0.66457343,0.47373736,0.5345211,0.5520042,0.6532352
AI1 Potholes 034.MP4,1381.0,63705.0,pothole,0.52517104,0.46317628,0.53625834,0.53434086,0.6360543
AI1 Potholes 034.MP4,1405.0,63729.0,pothole,0.65854985,0.46256885,0.5307423,0.5424685,0.6417706
AI1 Potholes 034.MP4,1417.0,63741.0,pothole,0.6329741,0.464871,0.5323922,0.5433243,0.6422197
AI1 Potholes 034.MP4,1441.0,63765.0,pothole,0.6089428,0.4610554,0.5329983,0.53663534,0.6513257
AI1 Potholes 034.MP4,1453.0,63777.0,pothole,0.63491327,0.46925685,0.5318943,0.55037254,0.64883506
AI1 Potholes 034.MP4,1465.0,63789.0,pothole,0.6637131,0.47305828,0.53331965,0.5528464,0.6502624
AI1 Potholes 034.MP4,1477.0,63801.0,pothole,0.64159155,0.4711397,0.5332548,0.5539021,0.64396673
AI1 Potholes 034.MP4,1501.0,63825.0,pothole,0.6461227,0.42376626,0.5279339,0.50272703,0.635336
AI1 Potholes 034.MP4,1513.0,63837.0,pothole,0.53902024,0.39236915,0.51628876,0.46336824,0.62678623
AI1 Potholes 034.MP4,1525.0,63849.0,pothole,0.6512918,0.35448524,0.5106293,0.41951534,0.6293491
AI1 Potholes 034.MP4,1537.0,63861.0,pothole,0.50413465,0.3162658,0.53156185,0.38675132,0.63419545
AI1 Potholes 034.MP4,1549.0,63873.0,pothole,0.6166103,0.27723816,0.5601147,0.34276298,0.6599973
AI1 Potholes 034.MP4,1561.0,63885.0,pothole,0.62425953,0.24538316,0.56029904,0.31506628,0.6584394
AI1 Potholes 034.MP4,1741.0,64065.0,pothole,0.5229815,0.37596413,0.8687934,0.46046224,0.987722
AI1 Potholes 034.MP4,1909.0,64233.0,pothole,0.5083094,0.42979744,0.8201013,0.5129756,0.9157533
AI1 Potholes 036.MP4,1.0,64681.0,pothole,0.55625093,0.24946956,0.2906203,0.36112505,0.39158812
AI1 Potholes 036.MP4,18.0,64698.0,pothole,0.57173944,0.47239804,0.7543482,0.9138062,0.98320824
AI1 Potholes 036.MP4,18.0,64698.0,pothole,0.57173944,0.47239804,0.7543482,0.9138062,0.98320824
AI1 Potholes 036.MP4,49.0,64729.0,pothole,0.504301,0.51520956,0.7157605,0.9428805,0.9682161
AI1 Potholes 036.MP4,61.0,64741.0,pothole,0.52556163,0.51614875,0.75545865,0.95096797,0.9878859
AI1 Potholes 036.MP4,541.0,65221.0,pothole,0.5051287,0.3413356,0.73905104,0.41298163,0.83338803
